place_id,business_name,phone,address,city,website,google_rating,google_review_count,business_status,apollo_matched,employee_count,founded_year,linkedin_url,contact_name,contact_title,contact_email,score_web_opportunity,score_size_opportunity,opportunity_score,source,date_scraped
ChIJ31Q7e48IR4YROaNRgoMyIRs,Lucas Roofing & Sheetmetal Inc,(936) 291-3434,"Huntsville, TX 77340, USA",,,5,2,OPERATIONAL,False,,,,,,,55,0.0,33.0,google_places,2026-08-28
ChIJR4zr-CZdP4YRGevQJOg9DcA,Rios Construction & Roofing,(281) 383-3388,"6117 TX-146, Baytown, TX 77523, USA",,,4.3,28,OPERATIONAL,False,,,,,,,55,0.0,33.0,google_places,2026-08-28
ChIJRwXQZ9lNP4YRm3HXwl9Hn3k,"Elite Roofing - Roofing Cleaning, Residential Metal Roof Repair & Roofing Service in Dayton, TX",(936) 226-8531,"404 Flowers St, Dayton, TX 77535, USA",,,5,1,OPERATIONAL,False,,,,,,,55,0.0,33.0,google_places,2026-08-28
ChIJAQDwDL2YQIYRMtYS7E5ay5Y,Calderon Roofing and Remodeling Inc,(281) 487-6183,"2537 Pansy St, Pasadena, TX 77503, USA",,,5,5,OPERATIONAL,False,,,,,,,55,0.0,33.0,google_places,2026-08-28
ChIJo79Ap1QVxAoR3o4NJhe_m_E,Diamond Roofing & Construction LLC,(936) 256-5476,"271 County Rd 6023, Dayton, TX 77535, USA",,,5,14,OPERATIONAL,False,,,,,,,48,0.0,28.8,google_places,2026-08-28
ChIJV6YmdnjMrG4RdqtbjI0GOoM,AZ Roofing & Painting,(832) 573-8954,"4143 Knollwick Ct, Houston, TX 77053, USA",,,5,13,OPERATIONAL,False,,,,,,,48,0.0,28.8,google_places,2026-08-28
ChIJ7e09DnoJR4YRDTJRpJgE4s0,Lion's Construction,(936) 650-9859,"316 US-190, Huntsville, TX 77340, USA",,,5,89,OPERATIONAL,False,,,,,,,43,0.0,25.8,google_places,2026-08-28
ChIJD6j4huZFP4YRIjJf9Wcz_S0,Pitch Perfect Roofing & Remodeling,(281) 678-2136,"16043 Eagle Dr #1994, Mont Belvieu, TX 77523, USA",,,5,39,OPERATIONAL,False,,,,,,,43,0.0,25.8,google_places,2026-08-28
ChIJS1gx9zubQIYRkxCko3MnlnU,Perry Brothers Roof Repair,(936) 536-7100,"10857 Scarsdale Blvd, Houston, TX 77089, USA",,,4.9,81,OPERATIONAL,False,,,,,,,43,0.0,25.8,google_places,2026-08-28
ChIJl4n92JOfQIYR35gPGSnnbBA,Williams Brothers Roofing & Construction,(936) 310-4303,"3500 Center St, Deer Park, TX 77536, USA",,,4.9,86,OPERATIONAL,False,,,,,,,43,0.0,25.8,google_places,2026-08-28
ChIJS3USwC6zQIYR-UFf4iXTUKI,Chavez Brothers Roof Repair,(346) 810-6627,"16937 US-59, Humble, TX 77338, USA",,,4.8,112,OPERATIONAL,False,,,,,,,40,0.0,24.0,google_places,2026-08-28
ChIJFcDh0PzrQIYRICfbD2kM94s,Williams Brothers Roofing & Construction,(346) 810-6917,"5449 W Orem Dr, Houston, TX 77045, USA",,,4.9,132,OPERATIONAL,False,,,,,,,40,0.0,24.0,google_places,2026-08-28
ChIJR5H6Tb7pQIYRXnhVBCZVc-8,Chavez & Sons Roofing,(346) 810-6864,"2319 Texas Pkwy, Missouri City, TX 77489, USA",,,4.8,130,OPERATIONAL,False,,,,,,,40,0.0,24.0,google_places,2026-08-28
ChIJQWwf6KbHQIYRqQboNfyqB1g,Campos Roofing,(713) 352-8290,"3825 Pinemont Dr, Houston, TX 77018, USA",,https://www.camposroofing.com/?utm_campaign=gmb,4.4,19,OPERATIONAL,False,,,,,,,30,0.0,18.0,google_places,2026-08-28
ChIJy8W4pqM3R4YRT8Tn0fdmU18,Roof Installation The Woodlands,(936) 247-3217,"1600 Lake Robbins Dr, Spring, TX 77380, USA",,https://www.rebuildtx.com/,5,3,OPERATIONAL,False,,,,,,,25,0.0,15.0,google_places,2026-08-28
ChIJF1IiEm8xR4YRi_M8gvnsyts,Roofing The Woodlands TX,(346) 540-4717,"8708 Technology Forest Pl Ste 175 #3008, The Woodlands, TX 77381, USA",,https://roofingthewoodlandstx.com/,5,2,OPERATIONAL,False,,,,,,,25,0.0,15.0,google_places,2026-08-28
ChIJq6qqqjm_QIYROT0C0wlJAUA,Quality Commercial Roofing,(832) 352-7997,"8524 Hwy 6 N, Houston, TX 77095, USA",,https://qualitycommercialroofing.com/,4.3,61,OPERATIONAL,False,,,,,,,25,0.0,15.0,google_places,2026-08-28
ChIJbw4geWAJR4YROvUdUqq5TbU,Huntsville Roofing Strong,(936) 339-2407,"1527 Sam Houston Ave, Huntsville, TX 77340, USA",,https://huntsvillestrongroofers.com/,5,6,OPERATIONAL,False,,,,,,,25,0.0,15.0,google_places,2026-08-28
ChIJw4pk5UCos0wRWdyzoQiCD9c,Roof Repair Services of Kingwood,(346) 707-7628,"1515 Lakeville Dr Ste 200, Kingwood, TX 77339, USA",,https://roofrepair.day/kingwood-roof-repair/,5,2,OPERATIONAL,False,,,,,,,25,0.0,15.0,google_places,2026-08-28
ChIJJ6oMX1tfR4YRqXT9H_9tSeE,Near Me Roofing Texas,(346) 309-1690,"308 Belcher St C, Cleveland, TX 77327, USA",,https://nearmeroofingtexas.com/,5,9,OPERATIONAL,False,,,,,,,25,0.0,15.0,google_places,2026-08-28
ChIJHf-cdwC1OIYRVPciPE9N2oE,Rocky Roofers,(936) 256-1299,"105 Regal Ln, Liberty, TX 77575, USA",,https://rockyrooferstx.com/,5,5,OPERATIONAL,False,,,,,,,25,0.0,15.0,google_places,2026-08-28
ChIJ8Y9NTBPHQIYR1L2lPwrmZJs,Partner's Commercial Roofing,(713) 802-1111,"4425 FM 2351 Bldg C, Friendswood, TX 77546, USA",,https://www.partnersroofing.com/,5,3,OPERATIONAL,False,,,,,,,25,0.0,15.0,google_places,2026-08-28
ChIJpQ-v2yeZQIYRlIoY30KTTh8,BD Roofing & Contracting,(832) 597-9256,"4914 Spencer Hwy, Pasadena, TX 77505, USA",,http://bdroofingandcontracting.com/,4.4,35,OPERATIONAL,False,,,,,,,25,0.0,15.0,google_places,2026-08-28
ChIJn4HdPtehQIYRSF0xiHai4BI,"Durdin Roofing, LLC",(281) 709-8627,"1009 Center St, Deer Park, TX 77536, USA",,https://www.durdinroofing.com/,5,4,OPERATIONAL,False,,,,,,,25,0.0,15.0,google_places,2026-08-28
ChIJFfXEB5OfQIYRyrb__CYTKKA,Texas Precision Roofers,(713) 364-1031,"317 W San Augustine St, Deer Park, TX 77536, USA",,https://texasprecisionroofers.com/deer-park-precision-roofers/,5,1,OPERATIONAL,False,,,,,,,25,0.0,15.0,google_places,2026-08-28
ChIJVdAwbtifQIYRSkYFQCojwuM,JDC Roofing and Metal Buildings,(832) 915-1049,"121 E San Augustine St Suite 100, Deer Park, TX 77536, USA",,https://jdcroofs.com/,5,6,OPERATIONAL,False,,,,,,,25,0.0,15.0,google_places,2026-08-28
ChIJ3aw0FqXtQIYRi74Er0oBvoY,Roofing Solutions Enterprise LLC,(281) 932-4462,"6951 McHard Rd g1, Houston, TX 77053, USA",,https://roofingsolutionsenterprise.glossgenius.com/,5,4,OPERATIONAL,False,,,,,,,25,0.0,15.0,google_places,2026-08-28
ChIJLYSQ6lc13YAR_kdMyqqAaxQ,Houston Commercial Roofing and Construction,(832) 904-3575,"12222 Bissonnet St, Houston, TX 77099, USA",,https://houstoncommercialroofingconstruction.com/,5,9,OPERATIONAL,False,,,,,,,25,0.0,15.0,google_places,2026-08-28
ChIJDSgqR0vDQIYRHILqFo1qkhc,Stevan Buren Commercial Roofing Houston,(713) 609-9118,"6464 Savoy Dr #777, Houston, TX 77036, USA",,https://www.stevanburen.com/commercial/roofing-services/sharpstown-houton-tx,5,5,OPERATIONAL,False,,,,,,,25,0.0,15.0,google_places,2026-08-28
ChIJVVVFxU7BQIYRrhN8FmFuIMA,Longhorn Commercial Roofing,(713) 391-8444,"1 Riverway Dr, Houston, TX 77056, USA",,http://www.longhornconstruction.com/,5,1,OPERATIONAL,False,,,,,,,25,0.0,15.0,google_places,2026-08-28
ChIJmcArsm-GcgMRuoqJ5hZCC9I,CM Commercial Roofing,(281) 377-2929,"16526 Park Row Blvd, Houston, TX 77084, USA",,http://cmcommercialroofing.com/,5,1,OPERATIONAL,False,,,,,,,25,0.0,15.0,google_places,2026-08-28
ChIJ2clmvPNbP4YRBrr1N3JfmKQ,Roof Repair Services of The Woodlands,(979) 356-2824,"9391 Grogans Mill Rd, The Woodlands, TX 77380, USA",,https://roofrepair.day/the-woodlands-roof-repair/,4.6,11,OPERATIONAL,False,,,,,,,23,0.0,13.8,google_places,2026-08-28
ChIJJcM1jvpBQIYRVDTp357C_rQ,Brazos Commercial Roofing,(281) 414-5452,"440 Louisiana St, Houston, TX 77002, USA",,https://www.brazoscommercialroofing.com/,4.6,22,OPERATIONAL,False,,,,,,,23,0.0,13.8,google_places,2026-08-28
ChIJEZ7Dxn6_QIYR6gaK39kM4_M,Houston Commercial Roofing and Coatings,(281) 532-9037,"1404 Dart St, Houston, TX 77007, USA",,https://houstoncommercialroofingconstruction.com/,4.7,16,OPERATIONAL,False,,,,,,,23,0.0,13.8,google_places,2026-08-28
ChIJUc2mVvU3R4YRaSQpKPMXk-g,Achilles Roofing & Exterior,(832) 479-1115,"2002 Timberloch Pl Ste 200, The Woodlands, TX 77380, USA",,https://achillesroofinghouston.com/locations/the-woodlands-tx/?utm_source=google&utm_medium=organic&utm_campaign=gmb-woodlands,5,11,OPERATIONAL,False,,,,,,,18,0.0,10.8,google_places,2026-08-28
ChIJ9yA2x1A3R4YRufZzKRcT0ng,"Touchstone, LLC",(832) 827-7472,"9595 Six Pines Dr #8210, The Woodlands, TX 77380, USA",,https://www.touchstoneroofing.com/,5,11,OPERATIONAL,False,,,,,,,18,0.0,10.8,google_places,2026-08-28
ChIJG0qxV-8XR4YRGu2d6Cg7ChA,BlackStar Roofing,(832) 770-7663,"115 W Stewart St, Willis, TX 77378, USA",,https://www.blackstarroofingtx.com/,4.7,84,OPERATIONAL,False,,,,,,,18,0.0,10.8,google_places,2026-08-28
ChIJ23sKWgA5R4YRoJnHwHgMTZI,Conroe TX Roofing Company,(936) 265-0922,"200 S Frazier St, Conroe, TX 77301, USA",,https://www.conroetxroofingcompany.com/,5,10,OPERATIONAL,False,,,,,,,18,0.0,10.8,google_places,2026-08-28
ChIJvbOqgTtbR4YRCx18kvEUAtw,Semper Fi Roofing Specialists,(936) 443-0329,"9393 Fostoria Rd, Cleveland, TX 77328, USA",,https://www.semperfirs.com/,4.8,22,OPERATIONAL,False,,,,,,,18,0.0,10.8,google_places,2026-08-28
ChIJHdF1ZZnNQIYR9kw82HtcNuA,Texas Elite Commercial Roofing,(832) 734-6905,"17350 TX-249 #220, Houston, TX 77064, USA",,https://texaselitecommercialroofing.com/,5,13,OPERATIONAL,False,,,,,,,18,0.0,10.8,google_places,2026-08-28
ChIJNZe_I6ZSR4YRAEzClFRp_DI,Four Star Roofing,(281) 359-7663,"1962 Northpark Dr Ste A, Kingwood, TX 77339, USA",,https://www.4starroofing.com/,4.5,89,OPERATIONAL,False,,,,,,,18,0.0,10.8,google_places,2026-08-28
ChIJp54GHgDLQIYR8YntpUMOma4,3C Roofing Company LLC,(281) 836-6868,"1525 Lakeville Dr Ste 200, Kingwood, TX 77339, USA",,http://www.3croofing.com/,4.5,36,OPERATIONAL,False,,,,,,,18,0.0,10.8,google_places,2026-08-28
ChIJn5yOxWysQIYRNLC2p8ef6F8,FSR Services,(281) 984-5032,"7018 Bender Rd, Humble, TX 77396, USA",,https://www.fsrservices.com/roofing-humble-tx/,4.7,92,OPERATIONAL,False,,,,,,,18,0.0,10.8,google_places,2026-08-28
ChIJ764qJBFiVw8RxlU9AAoft_Q,Complete Commercial Roofing,(713) 766-6043,"12510 Cardinal Meadow Dr, Sugar Land, TX 77478, USA",,https://www.completecommercialroofing.com/sugar-land/,5,17,OPERATIONAL,False,,,,,,,18,0.0,10.8,google_places,2026-08-28
ChIJq-yME2HNQIYR23nJ0GwGyR0,ASC - A Affordable Roofing Services,(832) 534-8836,"12411 Campos Dr, Houston, TX 77065, USA",,https://www.aaffordableroofing.com/,4.7,56,OPERATIONAL,False,,,,,,,18,0.0,10.8,google_places,2026-08-28
ChIJZYK4Dqfp2gMR5ur2Je3Jfb4,Tegridy Roofing,(281) 380-8380,"14856 Prickly Pear Cv, Magnolia, TX 77354, USA",,https://tegridyroofing.com/,5,14,OPERATIONAL,False,,,,,,,18,0.0,10.8,google_places,2026-08-28
ChIJd4oMbpQ9R4YRBiX2SfK7CD4,Entrusted Roofing,(832) 458-7232,"399 Black Walnut Dr, Conroe, TX 77304, USA",,http://www.entrustedroofing.com/,4.8,20,OPERATIONAL,False,,,,,,,18,0.0,10.8,google_places,2026-08-28
ChIJRWbXYj85R4YRx1TBWxxlkNU,Texas Co,(936) 537-5533,"218 S Main St, Conroe, TX 77301, USA",,http://www.petrossroofing.com/,4.8,16,OPERATIONAL,False,,,,,,,18,0.0,10.8,google_places,2026-08-28
ChIJnSp7POFMR4YRkrYcmzzw_Ss,Ben Diaz Roofing,(281) 540-7270,"25397 Lamar Ln, Porter, TX 77365, USA",,http://www.bendiazroofing.com/,4.6,33,OPERATIONAL,False,,,,,,,18,0.0,10.8,google_places,2026-08-28
ChIJG_0m9sxLP4YRZzHIliWpidk,Veteran Roofing & Construction,(936) 213-6939,"1002 Woods Dr, Liberty, TX 77575, USA",,https://www.veteranroofingconstruction.com/liberty-tx/,5,12,OPERATIONAL,False,,,,,,,18,0.0,10.8,google_places,2026-08-28
ChIJ8ahe7nqhQIYRxKpD-dmsDLQ,Image Roofing Company,(281) 479-7111,"2318 Center St suite 200-a, Deer Park, TX 77536, USA",,http://imageconstruction.net/,4.7,71,OPERATIONAL,False,,,,,,,18,0.0,10.8,google_places,2026-08-28
ChIJAbeHH0YPqYwRWm6I9yLyPdY,Complete Commercial Roofing,(281) 957-8108,"16600 Farm to Market Rd 2354, Baytown, TX 77523, USA",,https://www.completecommercialroofing.com/mont-belvieu/,5,19,OPERATIONAL,False,,,,,,,18,0.0,10.8,google_places,2026-08-28
ChIJfZ11_q5bP4YRbApJH_QRwcc,Sunshield Coating and Roofing,(281) 607-4240,"8608 TX-146 #300, Baytown, TX 77523, USA",,http://sunshieldcoatingroofing.com/,4.9,18,OPERATIONAL,False,,,,,,,18,0.0,10.8,google_places,2026-08-28
ChIJVXPdBj0lZCoR_Hu-L8AptGA,CW Roofing & Construction,(281) 925-7663,"4819 Pineloch Byu Dr, Baytown, TX 77523, USA",,https://cwroofingservices.com/,5,19,OPERATIONAL,False,,,,,,,18,0.0,10.8,google_places,2026-08-28
ChIJp4nDptuhQIYRpnSCO1vfSs0,Virani Roofing Service,(281) 200-0401,"409 Sheldon Rd, Channelview, TX 77530, USA",,https://ironnestco.com/,5,10,OPERATIONAL,False,,,,,,,18,0.0,10.8,google_places,2026-08-28
ChIJh7e8l1RFP4YRMWQbylFbHHU,Eagles Nest Roofing LLC,(713) 817-3119,"13934 Red River Dr, Baytown, TX 77523, USA",,https://www.eaglesnestroofing.com/,5,14,OPERATIONAL,False,,,,,,,18,0.0,10.8,google_places,2026-08-28
ChIJUUL3wZAL7CERbCykh2py7yg,Roof Pros & Remodeling,(713) 824-9561,"9027 Hollock St, Houston, TX 77075, USA",,http://www.roofprosremodeling.com/,5,11,OPERATIONAL,False,,,,,,,18,0.0,10.8,google_places,2026-08-28
ChIJyYRi0up0NE8RJ1_NcylstQ0,Coronado Roofing & Renovation,(713) 859-2526,"12103 Braesridge Dr, Houston, TX 77071, USA",,https://coronadoroofingtx.com/,5,23,OPERATIONAL,False,,,,,,,18,0.0,10.8,google_places,2026-08-28
ChIJS8Ejz77tQIYRD8RXrs5oO0Y,Houston Roof Claims,(832) 536-6163,"2705 Greenblade Ct, Pearland, TX 77584, USA",,https://houstonroofclaims.com/,5,15,OPERATIONAL,False,,,,,,,18,0.0,10.8,google_places,2026-08-28
ChIJLaYgjVlHOYYRTP49w_dQfss,Watts Roofing LLC,(979) 798-9288,"11200 Broadway St Ste 2743, Pearland, TX 77584, USA",,https://www.wattsroof.com/,4.6,46,OPERATIONAL,False,,,,,,,18,0.0,10.8,google_places,2026-08-28
ChIJpWJHFBTrQIYR_z0F1LvG7i4,Roofworks Houston,(346) 302-2800,"5806 Melanite Ave, Houston, TX 77053, USA",,http://www.roofworkshtx.com/,5,16,OPERATIONAL,False,,,,,,,18,0.0,10.8,google_places,2026-08-28
ChIJI-X0cBOjQIYRkFJxv67iWsY,Roof Fix Houston,(713) 904-3904,"2626 S Loop W Ste 632, Houston, TX 77054, USA",,https://www.rooffixhouston.com/,4.6,99,OPERATIONAL,False,,,,,,,18,0.0,10.8,google_places,2026-08-28
ChIJbdK_IC4eQYYRcUNao41a4lI,Ameristar Roofing & Restoration,(281) 238-4230,"2141 McCrary Rd TRLR 2, Richmond, TX 77406, USA",,https://www.ameristarroofing.com/,4.5,53,OPERATIONAL,False,,,,,,,18,0.0,10.8,google_places,2026-08-28
ChIJcXeXfKodQYYR23-aa4o2o9A,US Roof,(281) 239-7447,"5012 Whitewing Dr, Richmond, TX 77469, USA",,https://us-roof.com/,5,11,OPERATIONAL,False,,,,,,,18,0.0,10.8,google_places,2026-08-28
ChIJc4_v4mfiQIYR0MtutAkX_pI,"Beinert Roofing & Restoration, LLC",(832) 449-3247,"510 Walsh Rd, Rosenberg, TX 77471, USA",,https://beinertroofing.com/roofing-company-rosenberg-tx/,4.7,52,OPERATIONAL,False,,,,,,,18,0.0,10.8,google_places,2026-08-28
ChIJW2EszIg9QYYRfIFSR9x2rDA,Rock & Refuge Roofing,(832) 966-7187,"32126 Hunt Rd Suite 308, Brookshire, TX 77423, USA",,https://rockrefugeroofing.com/,5,10,OPERATIONAL,False,,,,,,,18,0.0,10.8,google_places,2026-08-28
ChIJlZfk_cAv2YgR9y82vm0xGew,Roof Repair Services of Brookshire,(281) 973-7662,"5100 US-90, Brookshire, TX 77423, USA",,https://roofrepair.day/brookshire-roof-repair/,5,12,OPERATIONAL,False,,,,,,,18,0.0,10.8,google_places,2026-08-28
ChIJOXMyqbkfPggReMgwtnfKIvo,Chadwick Residential,(281) 608-9512,"31390 Farm to Market 2920 A103 PMB 1011, Waller, TX 77484, USA",,http://chadwickresidential.org/,5,13,OPERATIONAL,False,,,,,,,18,0.0,10.8,google_places,2026-08-28
ChIJlVYuq0G1RoYRodDFLwJYsS8,"Texas Premier Residential Services, LLC",(713) 805-9559,"220 10th St, Hempstead, TX 77445, USA",,https://texaspremierresidential.com/,5,14,OPERATIONAL,False,,,,,,,18,0.0,10.8,google_places,2026-08-28
ChIJw-jVj_-_RoYRinHJu3OeiR4,Schulte Roofing,(936) 825-3690,"10842 Hwy 6, Navasota, TX 77868, USA",,https://www.schulteroofing.com/,4.7,80,OPERATIONAL,False,,,,,,,18,0.0,10.8,google_places,2026-08-28
ChIJG1zzQwCVRoYRum146utq47s,Blue Finn Roofing and Construction,(979) 777-1808,"301 Duke St B, Navasota, TX 77868, USA",,http://www.bluefinnroofingandconstruction.com/,5,18,OPERATIONAL,False,,,,,,,18,0.0,10.8,google_places,2026-08-28
ChIJTWN3uc8pR4YRKDTFY34GYhk,Hurricane Roofing Group,(832) 907-4510,"744 Goodson Loop Ste B1, Pinehurst, TX 77362, USA",,http://www.hurricaneroofing.net/,5,15,OPERATIONAL,False,,,,,,,18,0.0,10.8,google_places,2026-08-28
ChIJBZo-rA3FQIYRWGfsDfCB-VI,Ideal Roofing,(713) 896-1122,"9535 Clay Rd, Houston, TX 77080, USA",,http://www.idealroofingservices.com/,4.6,151,OPERATIONAL,False,,,,,,,15,0.0,9.0,google_places,2026-08-28
ChIJi1HoWLYzR4YRpuK5ucSfjWI,Proper Roofing,(832) 554-7830,"7108 Old Katy Rd #150, Houston, TX 77024, USA",,http://www.properroof.com/,4.7,675,OPERATIONAL,False,,,,,,,15,0.0,9.0,google_places,2026-08-28
ChIJX1EdkmeQRoYRLQPNXNVDmIs,Lone-Star Roof Systems,(800) 317-1939,"18476 State Hwy 6 S, College Station, TX 77845, USA",,http://www.lonestarroofsystems.com/,4.6,119,OPERATIONAL,False,,,,,,,15,0.0,9.0,google_places,2026-08-28
ChIJFVnrzixEQYYRdsrmJq-HrPg,Houser Roofing,(979) 472-9176,"201 2nd St, Sealy, TX 77474, USA",,http://www.houserroofingtx.com/,4.7,140,OPERATIONAL,False,,,,,,,15,0.0,9.0,google_places,2026-08-28
ChIJOUhw-X8nQYYR6gTrcTFeIyI,Remedy Roofing,(281) 391-8555,"1626 Avenue D, Katy, TX 77493, USA",,https://remedyroofing.com/,4.6,432,OPERATIONAL,False,,,,,,,15,0.0,9.0,google_places,2026-08-28
ChIJyxSQSGw3R4YRNoVPjHe3VRE,Elite Roofing LLC,(713) 804-7663,"21 Waterway Ave Ste 300, The Woodlands, TX 77380, USA",,https://www.eliteroofpro.com/areas-we-serve/leading-roofer-in-houston,5,62,OPERATIONAL,False,,,,,,,13,0.0,7.8,google_places,2026-08-28
ChIJ1YUeNtk1R4YRpe1IjypI6VY,The Roof Guys,(281) 895-8011,"28100 Robinson Rd Ste. F, Conroe, TX 77385, USA",,https://thebestroofguys.com/,4.8,82,OPERATIONAL,False,,,,,,,13,0.0,7.8,google_places,2026-08-28
ChIJTWnLHl3MQIYRjX2X2Pdq3yY,Klindworth Roofing,(832) 832-1661,"2001 Timberloch Pl #500, The Woodlands, TX 77380, USA",,https://klindworthroofing.com/,5,53,OPERATIONAL,False,,,,,,,13,0.0,7.8,google_places,2026-08-28
ChIJleVILRy2QIYRypLlVSi--3c,Optimum Roofing Solutions,(713) 281-6060,"21 Waterway Ave Ste 300, The Woodlands, TX 77380, USA",,https://www.optimumroofingsolutions.com/,4.9,40,OPERATIONAL,False,,,,,,,13,0.0,7.8,google_places,2026-08-28
ChIJYXbuVSM0R4YRUEWuxjTxGY0,Value Roofing LLC,(832) 899-0424,"594 Sawdust Rd Ste 312, The Woodlands, TX 77380, USA",,http://www.valueroofingcontractor.com/,5,67,OPERATIONAL,False,,,,,,,13,0.0,7.8,google_places,2026-08-28
ChIJJy6Hk3k1R4YRIJcSOw5SGMU,HHH Roofing & Construction,(832) 458-1602,"22728 Acorn Valley Dr, Spring, TX 77389, USA",,http://hhhroofing.com/?utm_source=google&utm_medium=organic&utm_campaign=gbp,5,69,OPERATIONAL,False,,,,,,,13,0.0,7.8,google_places,2026-08-28
ChIJd4ZPg8bMQIYRmJwwo_7zuRE,North American Roofing Company,(281) 377-5867,"19923 Stuebner Airline Rd #B, Spring, TX 77379, USA",,https://roofingnorthamerica.com/,4.9,89,OPERATIONAL,False,,,,,,,13,0.0,7.8,google_places,2026-08-28
ChIJ4wkM-v5Qz2IRfVsFdqDcC2A,SJM Roofing,(281) 734-2648,"602 Crestwood Dr, Shenandoah, TX 77381, USA",,http://sjmroofingandremodel.com/,5,30,OPERATIONAL,False,,,,,,,13,0.0,7.8,google_places,2026-08-28
ChIJg6g5YyI1R4YR2xU3V7CGt2k,Elevated Roof Solutions,(832) 727-1164,"2219 Sawdust Rd Ste 1904, The Woodlands, TX 77380, USA",,https://elevatedroofsolutions.com/,5,40,OPERATIONAL,False,,,,,,,13,0.0,7.8,google_places,2026-08-28
ChIJ6ZB9bAeeMC4RwYcL6W6bZYg,Mend Roofing - Spring,(281) 305-3162,"24624 Interstate 45 200, Spring, TX 77386, USA",,https://www.mendroofing.com/spring/?utm_source=google&utm_medium=organic&utm_campaign=gbp,5,35,OPERATIONAL,False,,,,,,,13,0.0,7.8,google_places,2026-08-28
ChIJlb6zhT1h6GcR2R7t2bx-4BY,Texas Roof and Remodel,(346) 581-7272,"3822 Cypress Key Dr, Spring, TX 77388, USA",,https://texasroofandremodel.com/,5,92,OPERATIONAL,False,,,,,,,13,0.0,7.8,google_places,2026-08-28
ChIJl5mSsrCbQIYRHvMkQe356BA,Roof Right Now Houston,(832) 465-3317,"2 Kendrick Pines Blvd, Spring, TX 77389, USA",,https://houston.roofrightnow.com/,4.9,83,OPERATIONAL,False,,,,,,,13,0.0,7.8,google_places,2026-08-28
ChIJdWWhIr9LR4YRWc3sR3WqSCM,Reliable Roofing & Restoration,(346) 447-6566,"3406 Cactus Creek Dr, Spring, TX 77386, USA",,https://www.reliableroofingrestoration.com/best-roofing-contractor-spring-tx/,5,62,OPERATIONAL,False,,,,,,,13,0.0,7.8,google_places,2026-08-28
ChIJ12F4OKQ1R4YRNzvXijRVGM0,Storm Guard Roofing of Spring,(713) 338-9239,"25003 Pitkin Rd Ste D-200, Spring, TX 77386, USA",,https://www.stormguardrc.com/tx/spring/?utm_source=gbp&utm_medium=organic,4.9,98,OPERATIONAL,False,,,,,,,13,0.0,7.8,google_places,2026-08-28
ChIJD65-p1zBQIYRPMLb-Tf81y4,Certified Commercial Roofing,(713) 355-4868,"3200 Southwest Fwy #3300, Houston, TX 77027, USA",,https://certifiedhoustonroofer.com/?utm_source=google-map&utm_campaign=gmb&utm_medium=organic,4.8,43,OPERATIONAL,False,,,,,,,13,0.0,7.8,google_places,2026-08-28
ChIJeTw60l6k14URUBYiCyjdW9o,Complete Commercial Roofing,(713) 940-6115,"920 Memorial City Way, Houston, TX 77024, USA",,https://www.completecommercialroofing.com/,5,25,OPERATIONAL,False,,,,,,,13,0.0,7.8,google_places,2026-08-28
ChIJadotvPpLR4YRvaKPvUxbdTI,Abbott Roofing Company,(936) 209-7007,"12803 Sunshine Pk Dr S, Willis, TX 77318, USA",,https://www.abbottroofing.com/,4.9,86,OPERATIONAL,False,,,,,,,13,0.0,7.8,google_places,2026-08-28
ChIJX6aHfKY-R4YRuseOrHFj7yk,Discount Roofing,(936) 756-1170,"1110 N Loop 336 W #220, Conroe, TX 77301, USA",,https://discount-roofing.com/roofing-contractor-in-conroe-tx-service-area/,5,94,OPERATIONAL,False,,,,,,,13,0.0,7.8,google_places,2026-08-28
ChIJd6lvsZjZQIYRYAlWqrDXWOA,New Image Construction and Roof Pros,(936) 441-1190,"3009 N Frazier St, Conroe, TX 77303, USA",,http://newimageroofpros.com/,4.9,81,OPERATIONAL,False,,,,,,,13,0.0,7.8,google_places,2026-08-28
ChIJh_xyaZU9R4YRtaJEFCfTZC8,"Inman Roofing & Contracting Services, LLC",(936) 463-5200,"10043 E Shore Dr, Willis, TX 77318, USA",,http://inman-roofing.com/,5,45,OPERATIONAL,False,,,,,,,13,0.0,7.8,google_places,2026-08-28
ChIJM0vJUHUzR4YR3Nud1Jh7en4,Restoration Roofing & Remodeling LLC,(832) 639-8756,"6902 Farm to Market 2920 Ste 2, Spring, TX 77379, USA",,http://www.restorationroofingremodeling.com/,4.9,77,OPERATIONAL,False,,,,,,,13,0.0,7.8,google_places,2026-08-28
ChIJtzIITQE1R4YR4EKPUM_UHIk,Hellenic Roofing & Construction,(832) 704-2817,"13843 Hwy 105 W #212, Conroe, TX 77304, USA",,https://www.hellenicroofing.com/,4.9,69,OPERATIONAL,False,,,,,,,13,0.0,7.8,google_places,2026-08-28
ChIJ2VlxKtQxR4YR1TgaU6mJdp0,Mighty Dog Roofing of The Woodlands,(713) 417-8082,"5523 FM 1488 e, Magnolia, TX 77354, USA",,https://www.mightydogroofing.com/the-woodlands-tx,4.9,36,OPERATIONAL,False,,,,,,,13,0.0,7.8,google_places,2026-08-28
ChIJAQAAAMBIR4YR-v5sVGQCIc8,"AM Commercial Residential Roofing, LLC",(936) 449-8051,"12225 High Fire Rd, Montgomery, TX 77356, USA",,https://www.amcommercialroofing.com/,5,32,OPERATIONAL,False,,,,,,,13,0.0,7.8,google_places,2026-08-28
ChIJ4Z5RxHnWRoYRt5uIcTQiNes,All American Roofing & Construction,(713) 397-3838,"1150 McCaleb Rd Ste 800, Montgomery, TX 77316, USA",,https://www.myamericanroof.com/,5,30,OPERATIONAL,False,,,,,,,13,0.0,7.8,google_places,2026-08-28
ChIJAQCUrXA3R4YRmdjZWEEEBL0,Spears & Co. Construction,(832) 463-1701,"33130 Magnolia Cir Unit 24, Magnolia, TX 77354, USA",,https://www.spearsandco.com/,4.9,31,OPERATIONAL,False,,,,,,,13,0.0,7.8,google_places,2026-08-28
ChIJid8YstRbR4YRZdhhEO1fLOU,"Best Choice Construction Roofing & Remodeling, LLC",(281) 689-9031,"11564 Warner Rd, Cleveland, TX 77328, USA",,http://www.bestchoiceconstruction.com/,4.9,38,OPERATIONAL,False,,,,,,,13,0.0,7.8,google_places,2026-08-28
ChIJWQJPpZ5SR4YRfNWSjVhcsas,Sam and Son Roofing,(281) 354-5453,"17015 N Mesa Dr, Splendora, TX 77372, USA",,https://www.samandsonroofingllc.com/,4.9,71,OPERATIONAL,False,,,,,,,13,0.0,7.8,google_places,2026-08-28
ChIJX9k3dm25QIYROVF1O7WVkB0,Redfish Roofing Company,(832) 640-5347,"4025 Feather Lakes Way #5405, Kingwood, TX 77325, USA",,http://www.redfishroofing.com/,5,44,OPERATIONAL,False,,,,,,,13,0.0,7.8,google_places,2026-08-28
ChIJJa0STWvNQIYR-6Es5QV_wc4,"American Frontier Roofing, Inc.",(832) 374-1378,"15414 Amber Manor Ln, Houston, TX 77044, USA",,https://americanfrontierroof.com/,5,98,OPERATIONAL,False,,,,,,,13,0.0,7.8,google_places,2026-08-28
ChIJ4RJY28XfQIYROkQsu8YkM5c,Beck Roofing And Restoration LLC,(281) 762-0856,"449 Porter Ranch Rd, Cleveland, TX 77327, USA",,https://beckroofingandrestoration.com/,5,97,OPERATIONAL,False,,,,,,,13,0.0,7.8,google_places,2026-08-28
ChIJadkMczRfR4YROBx7w8yhWZs,The Thrashers,(832) 318-3565,"61, 95 Aaron Ln, Cleveland, TX 77328, USA",,https://thrasherstexas.com/,4.9,39,OPERATIONAL,False,,,,,,,13,0.0,7.8,google_places,2026-08-28
ChIJEUFKhmi3QIYREsGn2i9g6k0,Ramirez Roofing & Siding Inc.,(713) 907-5051,"14831 Aspen Chase Ln, Humble, TX 77396, USA",,http://www.ramirezroofing.net/,4.9,95,OPERATIONAL,False,,,,,,,13,0.0,7.8,google_places,2026-08-28
ChIJH6h6mYzJQIYRxypcMUIQoug,JD Roofing Solutions,(832) 295-3277,"10108 Veterans Memorial Dr, Houston, TX 77038, USA",,https://jdroofingsolutions.com/,5,84,OPERATIONAL,False,,,,,,,13,0.0,7.8,google_places,2026-08-28
ChIJ7TbexgXGH08RjnhnBtGyPbQ,Sargon Roofing & Restoration,(833) 472-7466,"Suite C, 22704 TX-494 Loop, Kingwood, TX 77339, USA",,https://sargonroofing.com/,4.9,89,OPERATIONAL,False,,,,,,,13,0.0,7.8,google_places,2026-08-28
ChIJ___oI_CqQIYR7a_afJCmov0,"Falcon Roofing & Construction, LLC",(346) 742-0249,"24203 FM 2100, Huffman, TX 77336, USA",,https://www.frctxllc.com/,5,54,OPERATIONAL,False,,,,,,,13,0.0,7.8,google_places,2026-08-28
ChIJ5VWJMPSzQIYRkQu9DBM7i0A,"K & J Integrity Roofing, LLC",(832) 644-5642,"4719 Atascocita Road, Humble, TX 77346, USA",,https://www.kjintegrityroofing.com/,4.9,36,OPERATIONAL,False,,,,,,,13,0.0,7.8,google_places,2026-08-28
ChIJiRG21uJTR4YRWKkpMm__fnE,Texas Roof Specialist,(832) 820-4442,"25139 Colette St, Porter, TX 77365, USA",,https://texasroofspecialist.com/,4.9,59,OPERATIONAL,False,,,,,,,13,0.0,7.8,google_places,2026-08-28
ChIJA7Vx1MyzQIYRximrbVhKfL8,Redemption Roofing,(281) 713-4332,"1210 Hamblen Rd Ste 800E, Kingwood, TX 77339, USA",,https://redemptionroofing.com/?utm_source=google&utm_medium=organic&utm_campaign=gbp_kingwood,5,37,OPERATIONAL,False,,,,,,,13,0.0,7.8,google_places,2026-08-28
ChIJsQ7opo2zQIYRZG9bwMerG2Q,Kingwood Roofing,(281) 704-5994,"1621 Lakeville Dr Ste 300A, Kingwood, TX 77339, USA",,https://kingwoodroofing.com/,5,25,OPERATIONAL,False,,,,,,,13,0.0,7.8,google_places,2026-08-28
ChIJhUqWDctTR4YRyknU2KTeN2A,Weather Shield Structures LLC - Kingwood & The Woodlands Roofing Pros,(936) 230-8366,"1413 Northpark Dr, Kingwood, TX 77339, USA",,http://weathershieldstructures.com/,5,25,OPERATIONAL,False,,,,,,,13,0.0,7.8,google_places,2026-08-28
ChIJ5fwht_mzQIYRNE3oywajaXI,Eagle Eye Roofing,(281) 706-4013,"1525 Lakeville Dr Ste 126, Kingwood, TX 77339, USA",,http://www.eagleeyeroofs.com/locations/kingwood-tx/,4.9,63,OPERATIONAL,False,,,,,,,13,0.0,7.8,google_places,2026-08-28
ChIJNQmzkzTHQIYR9EfofRP-R6o,TX Roofing & Services,(713) 820-2302,"2855 Mangum Rd Unit B201B, Houston, TX 77092, USA",,http://www.txroofingandservices.com/,4.9,88,OPERATIONAL,False,,,,,,,13,0.0,7.8,google_places,2026-08-28
ChIJo3Z6XcfPQIYRez0AXqbaoZQ,Near Me Roofing Texas,(346) 309-1690,"6999 W Little York Rd Ste g, Houston, TX 77040, USA",,https://nearmeroofingtexas.com/,5,40,OPERATIONAL,False,,,,,,,13,0.0,7.8,google_places,2026-08-28
ChIJl_phCgfBQIYRtSqLLE6XCU4,Recovery Roofing and Remodeling LLC,(346) 450-1337,"7703 Mosewood St, Houston, TX 77040, USA",,http://www.recoveryroofingandremodeling.com/,5,60,OPERATIONAL,False,,,,,,,13,0.0,7.8,google_places,2026-08-28
ChIJmccefErJQIYRxcX3iZSIvc8,JEN Roofing,(281) 643-7440,"13513 Ralph Culver Rd, Houston, TX 77086, USA",,https://jenroofing.com/,4.9,58,OPERATIONAL,False,,,,,,,13,0.0,7.8,google_places,2026-08-28
ChIJ6X3HkUjHQIYRykwObrdobro,H Town Roof & Constructions LLC.,(346) 667-7118,"7055 Old Katy Rd, Houston, TX 77024, USA",,https://htownroofco.com/,5,78,OPERATIONAL,False,,,,,,,13,0.0,7.8,google_places,2026-08-28
ChIJ9dpP17nNQIYRvEe0nmtgcN4,Merit Roofing & Construction,(832) 583-1925,"20251 Aspenwilde Dr, Cypress, TX 77433, USA",,https://meritroofs.com/?utm_campaign=gmb,4.9,67,OPERATIONAL,False,,,,,,,13,0.0,7.8,google_places,2026-08-28
ChIJVyCuNCIrR4YR9iF2KT97fv0,Roofworks and Construction,(832) 834-2364,"17413 Farm to Market 2920 Ste A, Tomball, TX 77377, USA",,https://theroofworks.com/,5,58,OPERATIONAL,False,,,,,,,13,0.0,7.8,google_places,2026-08-28
ChIJWZMr07LMQIYRRp2xdy8658Q,Click To Roof LLC,(832) 844-2787,"23827 Cardinal Dr, Hockley, TX 77447, USA",,http://www.clicktoroof.com/,5,84,OPERATIONAL,False,,,,,,,13,0.0,7.8,google_places,2026-08-28
ChIJW3wV4hrIRikRwPBWnGtZbys,Golden Ridge Roofing,(281) 723-5133,"2125 Katy Fort Bend Rd, Katy, TX 77493, USA",,http://goldenridgeroofing.net/,4.9,96,OPERATIONAL,False,,,,,,,13,0.0,7.8,google_places,2026-08-28
ChIJdw45WYI0R4YRpHwaNU57zDA,"All Star Roof Systems, Inc.",(281) 987-9000,"8927 Hufsmith Kuykendahl Rd, Tomball, TX 77375, USA",,https://allstarroofsystems.com/,4.9,55,OPERATIONAL,False,,,,,,,13,0.0,7.8,google_places,2026-08-28
ChIJqzjQuFUhR4YRAteG8fug6uc,V&D Professional Roofing,(936) 250-0283,"287 Berkley Dr, Montgomery, TX 77356, USA",,http://vdprofessionalroofing.com/,5,42,OPERATIONAL,False,,,,,,,13,0.0,7.8,google_places,2026-08-28
ChIJ_Xzx7s05R4YR6tVyJPHZa_0,CR3 American Exteriors,(936) 297-6479,"208 McCown St #111, Montgomery, TX 77356, USA",,https://www.cr3america.com/conroe/?utm_source=google&utm_medium=gbp,4.9,27,OPERATIONAL,False,,,,,,,13,0.0,7.8,google_places,2026-08-28
ChIJP7InvC2hR4YRwyH9rn8HS_k,Big State Roofing & Restoration LLC,(936) 297-6229,"31 Oak Bend Dr, Huntsville, TX 77320, USA",,https://bigstateroofing.com/,4.8,40,OPERATIONAL,False,,,,,,,13,0.0,7.8,google_places,2026-08-28
ChIJH7CVIdgHR4YRCHHg0fBPgog,Buck Horn Roofing,(936) 852-2044,"2503 Lake Rd Ste C116, Huntsville, TX 77320, USA",,https://buckhornroofing.com/,5,55,OPERATIONAL,False,,,,,,,13,0.0,7.8,google_places,2026-08-28
ChIJiZju0b03R4YRbPbEXXeF03Y,HailCat Roofing,(832) 951-1394,"2525 N Frazier St Ste. 6300, Conroe, TX 77303, USA",,https://hailcatroofing.com/,4.9,51,OPERATIONAL,False,,,,,,,13,0.0,7.8,google_places,2026-08-28
ChIJL3eYezfjX2sR5EMVbfQqAFg,TruPro Roofing & Renovations,(936) 301-5854,"100 Commercial Cir Ste 201, Conroe, TX 77304, USA",,https://truproroofing.com/,4.9,92,OPERATIONAL,False,,,,,,,13,0.0,7.8,google_places,2026-08-28
ChIJGXm-SSBTP4YRqZ7-ZH-Zvuk,High Quality Roofing & Construction,(936) 257-5452,"128 County Rd 6512, Dayton, TX 77535, USA",,https://www.highqualityroofs.com/,5,49,OPERATIONAL,False,,,,,,,13,0.0,7.8,google_places,2026-08-28
ChIJu_D_K6sBs00RRwKfsDr40GU,Elite Roof Services,(832) 334-6726,"23941 Cicada Cir E, New Caney, TX 77357, USA",,https://eliteroofservices.net/htx,4.9,29,OPERATIONAL,False,,,,,,,13,0.0,7.8,google_places,2026-08-28
ChIJdxOIGp_cnUcR838-KYDit1E,Texas Brother’s Roofing & Construction LLC,(832) 782-8553,"12910 Atwood Glen Ct, Houston, TX 77014, USA",,http://txbrothersroofingandconstruction.com/,5,83,OPERATIONAL,False,,,,,,,13,0.0,7.8,google_places,2026-08-28
ChIJj86HCUJTP4YRziLl-I7NXBU,Lopez Roofing and Construction,(936) 258-4780,"401 US-90 Unit 2, Dayton, TX 77535, USA",,http://lopezroofingandconstruction.net/,4.9,66,OPERATIONAL,False,,,,,,,13,0.0,7.8,google_places,2026-08-28
ChIJf66rvndbP4YR-Nhc41N38eA,"CG Roofing Solutions, LLC",(832) 693-9154,"124 W Circle Dr, Baytown, TX 77521, USA",,https://www.cgrsllc.com/,5,54,OPERATIONAL,False,,,,,,,13,0.0,7.8,google_places,2026-08-28
ChIJSxQw4MhFP4YRXIE3GE4JwEA,Durdin Roofing LLC,(281) 709-8627,"16043 Eagle Dr #644, Mont Belvieu, TX 77523, USA",,http://www.durdinroofing.com/,4.9,69,OPERATIONAL,False,,,,,,,13,0.0,7.8,google_places,2026-08-28
ChIJ9-isk6SXQIYR4AwYFHJ9l8Q,Walton Residential Services,(713) 337-2307,"8350 Mosley Rd, Houston, TX 77075, USA",,https://waltonresidentialservices.com/,4.8,76,OPERATIONAL,False,,,,,,,13,0.0,7.8,google_places,2026-08-28
ChIJr_U7raZdP4YRoFaRsQnnZS8,360 Construction & Roofing,(281) 990-3265,"4721 Garth Rd Ste D-200, Baytown, TX 77521, USA",,https://www.360constructionandroofing.com/,4.9,55,OPERATIONAL,False,,,,,,,13,0.0,7.8,google_places,2026-08-28
ChIJmfdFp1SfQIYRidYQK4APxF4,Cornerstone Roofing,(832) 221-7693,"2502 Solitude Ln, Deer Park, TX 77536, USA",,http://www.cribuild.com/,5,33,OPERATIONAL,False,,,,,,,13,0.0,7.8,google_places,2026-08-28
ChIJ-bSd4kKdQIYRSUQnf3PhxLc,Samurai Roofing Services,(281) 508-0031,"1322 Space Park Dr A215, Houston, TX 77058, USA",,http://samurairoofingservices.com/,5,96,OPERATIONAL,False,,,,,,,13,0.0,7.8,google_places,2026-08-28
ChIJCYhVbKSZQIYRSIDBARSsL0c,A+ Roofer,(713) 545-0130,"4008 Vista Rd, Pasadena, TX 77504, USA",,https://aplusroofer.com/,5,39,OPERATIONAL,False,,,,,,,13,0.0,7.8,google_places,2026-08-28
ChIJLzaqoAmZQIYRNT6n9XeBy-M,Aesthetic Roofing Systems LLC,(281) 845-7663,"5970 Fairmont Pkwy Ste 1a, Pasadena, TX 77505, USA",,http://www.aestheticroofpro.com/,4.9,67,OPERATIONAL,False,,,,,,,13,0.0,7.8,google_places,2026-08-28
ChIJ087D33ecQIYRN1ZXWQn3FDc,Full Scale Roofing,(832) 321-7663,"2323 Clear Lake City Blvd #180-129, Houston, TX 77062, USA",,https://fullscaleroofing.com/,4.8,30,OPERATIONAL,False,,,,,,,13,0.0,7.8,google_places,2026-08-28
ChIJW7CMywGaQIYRl-7mcQu1Tn0,Texas Top Roofing & Siding,(832) 219-8357,"12060 Beamer Rd, Houston, TX 77089, USA",,https://www.txtoproofing.com/?utm_source=google&utm_medium=business_profile&utm_campaign=website,4.8,63,OPERATIONAL,False,,,,,,,13,0.0,7.8,google_places,2026-08-28
ChIJZbFeF4bnQIYRpwJxwm90Bu8,TX Roofing & Services,(832) 934-9734,"77 Sugar Creek Center Blvd Ste 695L, Sugar Land, TX 77478, USA",,https://txroofingandservices.com/sugar-land/,5,59,OPERATIONAL,False,,,,,,,13,0.0,7.8,google_places,2026-08-28
ChIJo5H5-teTQIYRmhG94zlfPfI,Gulf-Tex Roofing & Services LLC,(281) 406-8791,"8789 Bailey Rd, Manvel, TX 77578, USA",,http://www.gulftexroofs.com/,5,73,OPERATIONAL,False,,,,,,,13,0.0,7.8,google_places,2026-08-28
ChIJW6YvOCfmQIYRyHSm-33BVyo,Startech Roofing & Remodeling,(713) 280-8544,"13955 Murphy Rd #108, Stafford, TX 77477, USA",,http://www.startechroofing.com/,5,63,OPERATIONAL,False,,,,,,,13,0.0,7.8,google_places,2026-08-28
ChIJC8LIFPfnQIYR-aiNC6sAm5Y,Roof Masters,(281) 215-5225,"337 Southwestern Blvd, Sugar Land, TX 77478, USA",,http://www.texasroofmasters.com/,5,85,OPERATIONAL,False,,,,,,,13,0.0,7.8,google_places,2026-08-28
ChIJayP6O4WRQIYRcC03_MXYaW0,TruGuard Roofing & Repair,(281) 759-2070,"3700 Halik St #9, Pearland, TX 77581, USA",,https://www.truguardroofing.com/,5,70,OPERATIONAL,False,,,,,,,13,0.0,7.8,google_places,2026-08-28
ChIJ9_QcQTSVQIYRNEEIuq1NVUI,Vargas & Sons Roof Repair,(936) 259-2220,"5949 Nunn St, Houston, TX 77087, USA",,https://vargasroofrepair.pro/houston,4.8,76,OPERATIONAL,False,,,,,,,13,0.0,7.8,google_places,2026-08-28
ChIJbyoGxr2x8WgReQtg6S0KQQw,Five star renovators roofing,(713) 530-9413,"12607 Scott St, Houston, TX 77047, USA",,https://fivestarrenovators.com/,4.9,60,OPERATIONAL,False,,,,,,,13,0.0,7.8,google_places,2026-08-28
ChIJq8SD5oXnQIYREEWy3dLvnLw,Trinity Roofing & Restoration Sugar Land,(281) 782-7116,"1502 Elmscott Dr, Sugar Land, TX 77498, USA",,https://www.trinityrestoretx.com/,4.9,68,OPERATIONAL,False,,,,,,,13,0.0,7.8,google_places,2026-08-28
ChIJI0a_oBAfQYYRk-LunzmjIOg,Job Cost Professionals Richmond-Roofer,(832) 642-3326,"3312b FM359, Richmond, TX 77406, USA",,https://richmond-roofer.com/,5,71,OPERATIONAL,False,,,,,,,13,0.0,7.8,google_places,2026-08-28
ChIJ___Lbu0fQYYRfL00wq_hMjc,Beam Roofing,(832) 232-1799,"21226 Andrea Park Dr, Richmond, TX 77406, USA",,http://www.beamroofing.com/,5,86,OPERATIONAL,False,,,,,,,13,0.0,7.8,google_places,2026-08-28
ChIJq98vPWvfQIYRvA8crsdj8ps,All Covered Roofing,(346) 468-7663,"17625 Madden Rd, Richmond, TX 77407, USA",,https://allcoveredroof.com/,5,84,OPERATIONAL,False,,,,,,,13,0.0,7.8,google_places,2026-08-28
ChIJz99Hi2rhQIYRB9hthx06wU0,Above All Roofing & Construction,(713) 298-2225,"902 Walker School Rd, Sugar Land, TX 77479, USA",,https://www.heisaboveall.com/,5,69,OPERATIONAL,False,,,,,,,13,0.0,7.8,google_places,2026-08-28
ChIJ20qkFHAhQYYR4Js0Ho8VIl0,Texas Roofing AC Construction LLC,(832) 609-7187,"25807 Westheimer Pkwy Ste 417, Katy, TX 77494, USA",,https://txroofingacconstruction.com/,4.9,89,OPERATIONAL,False,,,,,,,13,0.0,7.8,google_places,2026-08-28
ChIJp_StrokdQYYR16s27PLeR8w,Duque Roofing Inc.,(281) 565-7663,"909 Mulcahy St, Rosenberg, TX 77471, USA",,https://www.duqueroofing.com/,5,92,OPERATIONAL,False,,,,,,,13,0.0,7.8,google_places,2026-08-28
ChIJRRw3BeitQIYRDFR2qjIIY_k,"Sloma Roofing & Restoration, LLC",(713) 894-8646,"1687 FM949, Sealy, TX 77474, USA",,http://www.slomaroofs.com/,4.9,67,OPERATIONAL,False,,,,,,,13,0.0,7.8,google_places,2026-08-28
ChIJdUG74aDZQIYRYqNsrrPHs2o,Johnny's Roofing And Storm Restoration,(281) 673-9659,"19443 Little Pine Ln, Katy, TX 77449, USA",,http://www.johnnysroofingandstormrestoration.com/,5,76,OPERATIONAL,False,,,,,,,13,0.0,7.8,google_places,2026-08-28
ChIJVXbQm1FEQYYRmzNuTXdYXJE,Target Roofing,(979) 885-7211,"1476 Hwy 159 E, Bellville, TX 77418, USA",,http://targetrr.com/,4.9,97,OPERATIONAL,False,,,,,,,13,0.0,7.8,google_places,2026-08-28
ChIJkWanrhDNRoYRC8rzvw_Uw28,The Roofing Consultants,(832) 270-6260,"35057 Mayer Dr, Hempstead, TX 77445, USA",,http://txroofingconsultants.com/,5,92,OPERATIONAL,False,,,,,,,13,0.0,7.8,google_places,2026-08-28
ChIJfwpG2kPTRoYRk5G44Hzv3Eo,Martinez Roofing Services,(832) 208-8097,"21539 Binford Rd, Waller, TX 77484, USA",,https://martinezroofingservices.net/,5,25,OPERATIONAL,False,,,,,,,13,0.0,7.8,google_places,2026-08-28
ChIJk9rbaVrNRoYR9W2L6ghn-ao,"E.N.G. Roofing, LLC",(346) 225-9901,"707 Alliance St, Waller, TX 77484, USA",,https://engroofers.com/,5,42,OPERATIONAL,False,,,,,,,13,0.0,7.8,google_places,2026-08-28
ChIJ2TtKFvcVHSURdoVSZA8_dz0,Pinehurst Roofing,(832) 908-2733,"1203 Mere Dr, Pinehurst, TX 77362, USA",,https://www.pinehurstroofinginc.com/,5,85,OPERATIONAL,False,,,,,,,13,0.0,7.8,google_places,2026-08-28
ChIJW0R2lrxhsCURwPJfGlKJvC8,Bumble Roofing of The Woodlands,(713) 352-0324,"2001 Timberloch Pl #500, Spring, TX 77380, USA",,https://bumbleroofing.com/the-woodlands?utm_source=google&utm_medium=organic&utm_campaign=gbp,5,118,OPERATIONAL,False,,,,,,,10,0.0,6.0,google_places,2026-08-28
ChIJu9xp7z83R4YRrGv5m_96su8,Rejuven8 Roofing and Restoration,(281) 210-0083,"2002 Timberloch Pl, The Woodlands, TX 77380, USA",,https://rejuven8roofingandrestoration.com/,5,518,OPERATIONAL,False,,,,,,,10,0.0,6.0,google_places,2026-08-28
ChIJLQ70T9I1R4YRuz38_G4PB6M,Elite Roofers,(832) 290-2837,"26510 Oak Ridge Dr, The Woodlands, TX 77380, USA",,https://eliterooferstx.com/,5,192,OPERATIONAL,False,,,,,,,10,0.0,6.0,google_places,2026-08-28
ChIJF2qGBhfiYWwR7M1ttNm_cJE,Roof Republic Inc,(346) 462-0989,"27351 Blueberry Hill Dr #51, Conroe, TX 77385, USA",,https://www.roofrepublicinc.com/,4.9,100,OPERATIONAL,False,,,,,,,10,0.0,6.0,google_places,2026-08-28
ChIJaeepuzzSQIYR85Hwp9Cu97o,314 Roofing Solutions,(832) 780-4587,"6824 North Sam Houston Pkwy W, Houston, TX 77064, USA",,https://314roofing.com/,5,1181,OPERATIONAL,False,,,,,,,10,0.0,6.0,google_places,2026-08-28
ChIJvWoksPE_R4YR1xOtTYr4ktQ,"Royal Crown, LLC",(844) 769-2514,"1635 Rayford Rd, The Woodlands, TX 77386, USA",,https://www.royalcrownroofingtx.com/,4.9,193,OPERATIONAL,False,,,,,,,10,0.0,6.0,google_places,2026-08-28
ChIJfUyKzwlKR4YR3TBpWpRYmTA,Anderson Roofing and Restoration LLC,(713) 898-7496,"3222 Abbott Lakes Dr, Spring, TX 77386, USA",,http://andersonroofingandrestoration.com/,4.9,241,OPERATIONAL,False,,,,,,,10,0.0,6.0,google_places,2026-08-28
ChIJTYqq3eEwR4YRf1aTXTCVgzI,Perkins Roofing Company,(832) 702-0201,"45 Cascade Springs Pl, The Woodlands, TX 77381, USA",,http://www.perkins-roofing.com/,4.8,211,OPERATIONAL,False,,,,,,,10,0.0,6.0,google_places,2026-08-28
ChIJ8f82vim_QIYRPR_l3ixhB8g,T. Williams Roofing LLC,(832) 894-7663,"83 S Longspur Dr, The Woodlands, TX 77380, USA",,https://tomwillroofyou.com/,4.8,163,OPERATIONAL,False,,,,,,,10,0.0,6.0,google_places,2026-08-28
ChIJBd8fnxM1R4YRjfBO4znEgsM,FairClaims Roofing & Construction,(281) 367-0466,"25315 Oakhurst Dr, Spring, TX 77386, USA",,http://www.fairclaimsroofingcompany.com/,4.9,575,OPERATIONAL,False,,,,,,,10,0.0,6.0,google_places,2026-08-28
ChIJpxol_vBX54YRc7OzoOFQsQQ,Quality Roofing and Contracting,(281) 964-7767,"3618 Bluebonnet Trace Dr, Spring, TX 77386, USA",,https://www.qualityroofingnorthhouston.com/,5,191,OPERATIONAL,False,,,,,,,10,0.0,6.0,google_places,2026-08-28
ChIJOTrXBXLdQIYRcVhJY2kcbLs,JC&C Roofing Company,(713) 766-3464,"1431 Graham Dr #266, Tomball, TX 77375, USA",,https://www.myroofimprovement.com/,4.8,413,OPERATIONAL,False,,,,,,,10,0.0,6.0,google_places,2026-08-28
ChIJL9zuW1UzR4YRs9ndFHLgHWc,Shamrock Roofing of Tomball Texas LLC,(281) 393-7777,"4023 Spring Cypress Rd, Spring, TX 77388, USA",,https://shamrockroofingtexas.com/,4.8,445,OPERATIONAL,False,,,,,,,10,0.0,6.0,google_places,2026-08-28
ChIJi272UUQ1R4YRsp4FH0bILFY,Vargas & Sons Roof Repair,(936) 259-5222,"2069 Rayford Rd, Spring, TX 77386, USA",,https://vargasroofrepair.pro/spring,4.8,119,OPERATIONAL,False,,,,,,,10,0.0,6.0,google_places,2026-08-28
ChIJ1a1uJSg1R4YR1QaiRFhJEGk,JC's Residential Roofing & Remodeling,(281) 245-4472,"11357 White Oak Way, Conroe, TX 77304, USA",,https://www.jcsresidential.com/,4.9,100,OPERATIONAL,False,,,,,,,10,0.0,6.0,google_places,2026-08-28
ChIJlWwhAgIwR4YRtP6FOBfZotI,Texas Engineered Roofing,(281) 259-3300,"33300 Lois Ln Ste. 1, The Woodlands, TX 77354, USA",,http://www.txengineeredroofing.com/,5,195,OPERATIONAL,False,,,,,,,10,0.0,6.0,google_places,2026-08-28
ChIJVVXRfKssR4YRkQDruyBvd7U,The Home Team Roofing & A/C LLC,(832) 422-3039,"11709 Boudreaux Rd Ste 1150, Tomball, TX 77375, USA",,https://hometeamroof.com/,4.9,550,OPERATIONAL,False,,,,,,,10,0.0,6.0,google_places,2026-08-28
ChIJdx94jSrRRoYRaKn1zEZ7iJk,SCG Roofing,(713) 377-8744,"25420 Kuykendahl Rd Ste B-200, Tomball, TX 77375, USA",,https://www.scgroofing.com/,5,134,OPERATIONAL,False,,,,,,,10,0.0,6.0,google_places,2026-08-28
ChIJEUj9NafSQIYRRDgCDH9I_A4,True Line Roofing and Exteriors,(832) 698-2101,"4750 Farm to Market 2920 Ste 503, Spring, TX 77388, USA",,https://truelineroofing.com/?utm_campaign=gmb,4.8,143,OPERATIONAL,False,,,,,,,10,0.0,6.0,google_places,2026-08-28
ChIJ8V-R55kZR4YRJdZyOh-QPNA,Lifeline Roofing Systems,(936) 701-2242,"1501 League Line Rd, Conroe, TX 77304, USA",,http://lifelineroofingsystems.com/,4.9,185,OPERATIONAL,False,,,,,,,10,0.0,6.0,google_places,2026-08-28
ChIJKRrWGtk_R4YRD7q21qaGyRg,Camacho Roofing LLC,(936) 648-1174,"937 Waxahachie St, Conroe, TX 77301, USA",,http://www.camachoroofing.org/,5,114,OPERATIONAL,False,,,,,,,10,0.0,6.0,google_places,2026-08-28
ChIJ-w6J3k4fR4YR8VbKw9kqx9k,Rigid Roofing LLC,(936) 283-0200,"19700 Hwy 105 W, Montgomery, TX 77356, USA",,https://rigidroofingllc.com/,4.9,183,OPERATIONAL,False,,,,,,,10,0.0,6.0,google_places,2026-08-28
ChIJjydQTkoiR4YRbB1R_xUhDPY,Saxon Roofing and Repair,(936) 718-7663,"232 Lake View Cir, Montgomery, TX 77356, USA",,https://www.saxonroofing.com/?utm_source=gmb&utm_medium=gmb,5,103,OPERATIONAL,False,,,,,,,10,0.0,6.0,google_places,2026-08-28
ChIJ_ybMDCzTQIYRaxhTftSoypw,Locked In Roofing,(832) 774-7663,"32815 Tamina Rd, Magnolia, TX 77354, USA",,https://lockedinroofing.com/,5,308,OPERATIONAL,False,,,,,,,10,0.0,6.0,google_places,2026-08-28
ChIJYyq6-E4sR4YROSLV9hqfM8I,Next Level Roofing and Remodeling LLC,(832) 413-4533,"215 Neidigk Sawmill Rd, Magnolia, TX 77354, USA",,http://www.nextlevelroofing.com/,4.9,100,OPERATIONAL,False,,,,,,,10,0.0,6.0,google_places,2026-08-28
ChIJOQ_hHkg5R4YR68nd1ZYUNbk,Redemption Roofing,(936) 321-3733,"33130 Magnolia Cir #14, Magnolia, TX 77354, USA",,https://redemptionroofing.com/?utm_source=google&utm_medium=organic&utm_campaign=gbp_magnolia,4.9,202,OPERATIONAL,False,,,,,,,10,0.0,6.0,google_places,2026-08-28
ChIJI5fLrrcy4YwRMzG2XcL0R5c,Texas RoofCrafters,(936) 297-7291,"2300 Woodforest Pkwy N Ste 250-211, Montgomery, TX 77316, USA",,https://texasroofcrafters.com/,5,172,OPERATIONAL,False,,,,,,,10,0.0,6.0,google_places,2026-08-28
ChIJGcf_w1MrR4YRctVAjCdujEc,"Exteriors of Texas, LLC",(281) 766-3333,"33030 Tamina Rd Ste 100, Magnolia, TX 77354, USA",,https://www.eotroofing.com/,4.9,127,OPERATIONAL,False,,,,,,,10,0.0,6.0,google_places,2026-08-28
ChIJr9bmN0uvlwIRdhUGx2dmnog,Spartan Roof Construction,(281) 782-9422,"1701 Northpark Dr Ste 30, Kingwood, TX 77339, USA",,https://spartanroof.net/,5,629,OPERATIONAL,False,,,,,,,10,0.0,6.0,google_places,2026-08-28
ChIJd-g9YiXNQIYRaooEKJwYndU,"Eldridge Home Improvements, Inc.",(281) 999-4663,"4141 W Davis St, Conroe, TX 77304, USA",,http://www.peoplebeforeprofit.com/,4.8,344,OPERATIONAL,False,,,,,,,10,0.0,6.0,google_places,2026-08-28
ChIJ78nAneFkFSYR2QaTzbCGfwc,Texas Signature Roofing,(936) 661-8442,"2804 Lake Rd, Huntsville, TX 77340, USA",,https://texassignatureroofing.com/,5,141,OPERATIONAL,False,,,,,,,10,0.0,6.0,google_places,2026-08-28
ChIJW9omjfwxR4YR0U7vPKQBAtk,Ark Roofing & Restoration,(877) 662-4489,"8111 Ashlane Way Ste 146, The Woodlands, TX 77382, USA",,http://www.arkroofingtexas.com/?utm_source=GBP&utm_medium=Website%20Button&utm_campaign=GMB,5,181,OPERATIONAL,False,,,,,,,10,0.0,6.0,google_places,2026-08-28
ChIJTWnLHl3MQIYRs8z1beuonIg,STX Roofing,(281) 601-7663,"25419 FM 2100, Huffman, TX 77336, USA",,https://www.stxroofing.com/,4.9,266,OPERATIONAL,False,,,,,,,10,0.0,6.0,google_places,2026-08-28
ChIJg6KxS3LQQIYRPItqVr1Ckp8,Houston Roofing & Construction,(832) 237-3737,"11330 West Rd, Houston, TX 77065, USA",,http://www.houstonroofingonline.com/,4.9,335,OPERATIONAL,False,,,,,,,10,0.0,6.0,google_places,2026-08-28
ChIJ88VI3mdNR4YRbuEWe0nYO_U,Madd Roofing & Generators,(281) 577-4065,"24706 TX-494 Loop Ste 2, Porter, TX 77365, USA",,https://maddroofing.com/,5,264,OPERATIONAL,False,,,,,,,10,0.0,6.0,google_places,2026-08-28
ChIJs8mn0DZMR4YRmgtgBr61TVo,American Construction & Roofing,(832) 358-7743,"19474 Riverwalk Dr, Porter, TX 77365, USA",,https://americanconstructionroofingtx.net/,4.9,116,OPERATIONAL,False,,,,,,,10,0.0,6.0,google_places,2026-08-28
ChIJxUDGX9rTQIYRJsjkStH5IyQ,Serenity Roofing & Construction,(713) 283-8143,"6727 Theall Rd Ste a, Houston, TX 77066, USA",,https://www.serenityroofingandconstruction.com/,5,305,OPERATIONAL,False,,,,,,,10,0.0,6.0,google_places,2026-08-28
ChIJJ04lVorRQIYRjECSwm5TwAg,Southwestern Roofing TM,(281) 955-6014,"11745 Jones Rd, Houston, TX 77070, USA",,https://www.southwesternroof.com/,4.9,312,OPERATIONAL,False,,,,,,,10,0.0,6.0,google_places,2026-08-28
ChIJcxs7txKtQIYRRO3_hvkvVbA,M Roofing LLC,(832) 730-5390,"311 N Houston Ave Ste. 100, Humble, TX 77338, USA",,https://mroofing.com/,4.9,108,OPERATIONAL,False,,,,,,,10,0.0,6.0,google_places,2026-08-28
ChIJjaEM0cnPQIYRz_KaW20xUAs,Houston Strong Roofing Company,(832) 271-7783,"15705 Jarvis Rd, Cypress, TX 77429, USA",,https://houstrongroofing.com/,5,238,OPERATIONAL,False,,,,,,,10,0.0,6.0,google_places,2026-08-28
ChIJu56UyNjMQIYRfc1glL57m5U,Klein Roofing,(281) 800-7663,"17015 Seven Pines Dr Bldg 2, Spring, TX 77379, USA",,https://www.kleinroofing.com/,4.8,211,OPERATIONAL,False,,,,,,,10,0.0,6.0,google_places,2026-08-28
ChIJfyvV22bGQIYRomY4d_GPLJg,Blue Ribbon Roofing LLC - Jersey Village Roof Replacement,(713) 999-2303,"16245 Singapore Ln, Jersey Village, TX 77040, USA",,https://www.blueribbonroofingllc.com/?utm_campaign=gmb,5,180,OPERATIONAL,False,,,,,,,10,0.0,6.0,google_places,2026-08-28
ChIJQ9f2LYPJQIYRX_yMbuxMRMA,Priority Roofing,(281) 380-0357,"260 N Sam Houston Pkwy E Suite 150, Houston, TX 77060, USA",,https://priorityroofs.com/location/houston/,5,375,OPERATIONAL,False,,,,,,,10,0.0,6.0,google_places,2026-08-28
ChIJTWNEJIHLQIYRZjQjD9DsjRQ,"Innpreccon Roofing, LLC",(832) 684-9818,"140 Cypress Station Dr #132, Houston, TX 77090, USA",,https://www.innprecconroofing.com/,4.9,413,OPERATIONAL,False,,,,,,,10,0.0,6.0,google_places,2026-08-28
ChIJwb49HFunOIYR2FPBfSEXMkM,Rayburn’s Roofing,(713) 865-6014,"5418 Forest Springs Dr, Kingwood, TX 77339, USA",,https://www.rayburnsroofing.com/,5,117,OPERATIONAL,False,,,,,,,10,0.0,6.0,google_places,2026-08-28
ChIJGR9wBSetQIYRr24Kzn8b2Wo,Perry & Sons Roofers LLC,(936) 233-9333,"7156 FM 1960, Humble, TX 77346, USA",,https://perryroofers.online/humble,4.8,118,OPERATIONAL,False,,,,,,,10,0.0,6.0,google_places,2026-08-28
ChIJeSvV22bGQIYRMyV2XMKr04M,EZ Roof and Construction,(832) 979-5409,"6613 W Sam Houston Pkwy N, Houston, TX 77041, USA",,https://ezroofhouston.com/?utm_source=google&utm_medium=organic&utm_campaign=gmb,4.9,564,OPERATIONAL,False,,,,,,,10,0.0,6.0,google_places,2026-08-28
ChIJRb2SfqDHQIYRr8f09p3wXBc,"M&M Roofing, Siding & Windows",(713) 880-8210,"1656 Townhurst Dr Ste D, Houston, TX 77043, USA",,https://mmroofsiding.com/locations/houston/roofing/,4.9,1383,OPERATIONAL,False,,,,,,,10,0.0,6.0,google_places,2026-08-28
ChIJNaX_PSHQQIYRFEkutlzkgTo,Rose Roofing,(713) 849-5155,"16000 Dillard Dr Ste C, Jersey Village, TX 77040, USA",,https://www.roseroofing.com/,4.9,532,OPERATIONAL,False,,,,,,,10,0.0,6.0,google_places,2026-08-28
ChIJtb5WiAHDQIYR_cYk1q0gGYg,"Precision Roof Crafters, Inc.",(713) 799-8555,"3919 Jeanetta St, Houston, TX 77063, USA",,https://precisionroofcrafters.com/houston-roofing/?utm_source=google&utm_medium=organic&utm_campaign=gbp_houston&utm_content=website,4.9,458,OPERATIONAL,False,,,,,,,10,0.0,6.0,google_places,2026-08-28
ChIJcaoGiMEvR4YRCeU7gIwTZSA,All Over Exterior Roofing,(281) 846-6665,"10050 Northwest Fwy Suite 350, Houston, TX 77092, USA",,https://allovertxroofing.com/,5,272,OPERATIONAL,False,,,,,,,10,0.0,6.0,google_places,2026-08-28
ChIJBwIPOTC_QIYRNBKjmTcC7QM,Advanced Roofing Solutions LLC,(832) 430-7374,"1919 W Sam Houston Pkwy N #503, Houston, TX 77043, USA",,https://www.advancedroofinghouston.com/,4.8,239,OPERATIONAL,False,,,,,,,10,0.0,6.0,google_places,2026-08-28
ChIJH7mblhfdYEcRDwiCQqUc_UQ,Silver Ridge Roofing & Construction,(713) 903-8011,"7676 Hillmont St #291, Houston, TX 77040, USA",,https://silverridgeroofing.com/?utm_source=google&utm_medium=organic&utm_campaign=gmb,5,234,OPERATIONAL,False,,,,,,,10,0.0,6.0,google_places,2026-08-28
ChIJhYt0FNDBQIYR_jO73PwW_oQ,Martin Roofing And Solar,(832) 617-4037,"7676 Hillmont St, Houston, TX 77040, USA",,http://martinroofingandsolar.com/,5,216,OPERATIONAL,False,,,,,,,10,0.0,6.0,google_places,2026-08-28
ChIJAXQ1AEjDQIYRboNXxf-1x1s,Amstill Roofing,(281) 612-8747,"14125 Memorial Dr, Houston, TX 77079, USA",,https://amstillroofing.com/houston-roofing/?utm_campaign=gmb,4.9,1824,OPERATIONAL,False,,,,,,,10,0.0,6.0,google_places,2026-08-28
ChIJ52jl_u_BQIYRnRxblGxoT6U,Integris Roofing Houston,(713) 587-6195,"1217 W Loop N Fwy #120, Houston, TX 77055, USA",,http://www.integrisroofing.com/?utm_campaign=gmb,5,210,OPERATIONAL,False,,,,,,,10,0.0,6.0,google_places,2026-08-28
ChIJ5yMaGUbEQIYRYjenjZF3eEU,Craddock Roofing,(713) 465-8090,"2409 McAllister Rd, Houston, TX 77092, USA",,https://www.craddockroofing.com/,4.9,148,OPERATIONAL,False,,,,,,,10,0.0,6.0,google_places,2026-08-28
ChIJ093PxyTCQIYRby1gOxVCUHU,Bellaire Roofing Co,(281) 875-5893,"5707 Addicks Satsuma Rd, Houston, TX 77084, USA",,http://bellaire-roofing.com/,4.8,193,OPERATIONAL,False,,,,,,,10,0.0,6.0,google_places,2026-08-28
ChIJmXyvf5PDQIYRDTTjla_5uHM,Asap Roof Repair,(346) 651-3340,"10107 Burgoyne Rd, Houston, TX 77042, USA",,https://asaproofrepair.com/,4.9,217,OPERATIONAL,False,,,,,,,10,0.0,6.0,google_places,2026-08-28
ChIJ6c5OStnlQIYR0_9wAxp6cjU,Industrial Roofing & Repair,(713) 280-9604,"218 W 27th St A, Houston, TX 77008, USA",,http://industrialroofingrepair.com/,4.9,103,OPERATIONAL,False,,,,,,,10,0.0,6.0,google_places,2026-08-28
ChIJFYNSjhHPQIYRr-f4mft4kFs,Upstanding Roofing,(832) 271-3600,"7942 Breen Dr Ste B, Houston, TX 77064, USA",,https://www.upstandingroofing.com/,4.8,155,OPERATIONAL,False,,,,,,,10,0.0,6.0,google_places,2026-08-28
ChIJ7dvlPNHNQIYRmwm9t9UVoe4,Remodeland Roofing Company,(832) 329-7222,"10810 Katy Fwy #104, Houston, TX 77043, USA",,https://remodeland.net/,4.9,108,OPERATIONAL,False,,,,,,,10,0.0,6.0,google_places,2026-08-28
ChIJiTrSlDfQQIYRTzvJ1rwUsUA,Elite Roofing Solutions,(281) 741-5924,"17423 Village Green Dr, Jersey Village, TX 77040, USA",,https://eliteroofingsolutions.com/roofing-houston,4.8,120,OPERATIONAL,False,,,,,,,10,0.0,6.0,google_places,2026-08-28
ChIJtRA3rWYnQYYRMUq6FCcwLqs,"Adams Roofing, LLC",(832) 299-5974,"18127 Cypress Rose Hill Rd Unit 200, Cypress, TX 77429, USA",,https://www.adamsroofinghtx.com/?utm_source=google&utm_medium=organic&utm_campaign=gbp,5,208,OPERATIONAL,False,,,,,,,10,0.0,6.0,google_places,2026-08-28
ChIJBbcvsgvVQIYR1xOdOX2PkWc,Shingle Hut Complete Roofing Services,(832) 240-7854,"18007 Mueschke Rd, Cypress, TX 77433, USA",,https://hutserv.com/?utm_source=google&utm_medium=organic&utm_campaign=gbp,4.9,248,OPERATIONAL,False,,,,,,,10,0.0,6.0,google_places,2026-08-28
ChIJgVfJ8c0tR4YRDY3YZ2zTBsw,Kidd Roofing,(832) 717-9174,"16711 Telge Rd, Cypress, TX 77429, USA",,https://www.kiddroof.com/houston-roofing/?utm_source=gmb&utm_medium=organic&utm_campaign=houston,5,280,OPERATIONAL,False,,,,,,,10,0.0,6.0,google_places,2026-08-28
ChIJMVjbK3gpQYYRWBzbBBZvpI0,Telge Roofing,(281) 290-0606,"15915 Telge Rd, Cypress, TX 77429, USA",,https://www.telgeroofing.com/,4.8,741,OPERATIONAL,False,,,,,,,10,0.0,6.0,google_places,2026-08-28
ChIJGb1q2w3ZQIYRQxumlAfZrCc,Moss Roofing Houston,(832) 840-8027,"13100 Wortham Center Dr 3rd floor, Houston, TX 77065, USA",,http://www.mossroofinghouston.com/,5,690,OPERATIONAL,False,,,,,,,10,0.0,6.0,google_places,2026-08-28
ChIJcTyfLnfpQIYRxnGNCwvJMWA,Achilles Roofing & Exterior,(832) 353-2383,"16310 Cypress Bend Dr, Cypress, TX 77429, USA",,https://achillesroofinghouston.com/?utm_source=google&utm_medium=organic_gmb&utm_campaign=gmb,5,385,OPERATIONAL,False,,,,,,,10,0.0,6.0,google_places,2026-08-28
ChIJhRvecH8nQYYR9OIZkfBrIt4,R&S Roofing,(832) 241-8101,"535 E Fernhurst Dr Ste 101, Katy, TX 77450, USA",,https://rs-roofs.com/katy-roofing/,5,296,OPERATIONAL,False,,,,,,,10,0.0,6.0,google_places,2026-08-28
ChIJy-Y2RVssR4YRSrJJnQS0bNY,Roof 1 Construction,(713) 539-5377,"515 W Main St #203, Tomball, TX 77375, USA",,http://www.roof1construction.com/,5,189,OPERATIONAL,False,,,,,,,10,0.0,6.0,google_places,2026-08-28
ChIJ47904GjZQIYR9T318b-5g8A,Roof Squad,(713) 489-8064,"19407 Park Row Blvd Suite 130, Houston, TX 77084, USA",,https://www.roofsquad.com/?utm_source=Google+Business+Profile&utm_medium=organic&utm_campaign=GBPHouston,4.8,524,OPERATIONAL,False,,,,,,,10,0.0,6.0,google_places,2026-08-28
ChIJiYorVyTVQIYRCOREQuUu3Ys,Hayes Brothers Roofers LLC,(936) 259-3300,"16507 Mueschke Rd, Cypress, TX 77433, USA",,https://hayesroofers.site/cypress,4.9,109,OPERATIONAL,False,,,,,,,10,0.0,6.0,google_places,2026-08-28
ChIJsZxAhRknQYYRyUcO94AqBes,Texas Roofing & Leak Repair,(832) 947-3783,"25145 Star Ln #1102, Katy, TX 77494, USA",,https://texasroofingandleakrepair.com/,4.9,235,OPERATIONAL,False,,,,,,,10,0.0,6.0,google_places,2026-08-28
ChIJsZ6DuV0zR4YRrnwv0_jrJWQ,Rooftop Solutions,(832) 512-5758,"31848 TX-249, Pinehurst, TX 77362, USA",,https://www.rooftopsolutionstx.com/,5,236,OPERATIONAL,False,,,,,,,10,0.0,6.0,google_places,2026-08-28
ChIJca0tQIvSQIYRNQ8Y0zKtdK8,Kirtley & Sons Roofing,(281) 370-8484,"16714 Hereford Rd, Tomball, TX 77377, USA",,http://www.kirtleyroofing.com/,5,109,OPERATIONAL,False,,,,,,,10,0.0,6.0,google_places,2026-08-28
ChIJv2sas3c2R4YRqztn0OVli74,Roof Top Innovations Roofing Contractor,(281) 351-7663,"311 N Sycamore St, Tomball, TX 77375, USA",,https://www.rooftopinnovations.com/,4.9,339,OPERATIONAL,False,,,,,,,10,0.0,6.0,google_places,2026-08-28
ChIJK4HgBHktR4YRxamdzLm-OPc,1st Choice Roofing & Construction,(832) 637-6621,"9421 Farm to Market 2920 Bldg 20, Tomball, TX 77375, USA",,https://1stchoiceroofs.com/tomball/,4.9,140,OPERATIONAL,False,,,,,,,10,0.0,6.0,google_places,2026-08-28
ChIJb-iROvIJR4YRTH0YQnrlg5c,Squirrels Roofing,(936) 577-8762,"40 State, State Hwy 75 N, Huntsville, TX 77320, USA",,http://www.squirrelsroofing.com/,5,139,OPERATIONAL,False,,,,,,,10,0.0,6.0,google_places,2026-08-28
ChIJuW1zHq6HOIYR0AIYnGGijmI,"L L Contractors, LLC",(936) 615-6448,"330 Flores Rd, Livingston, TX 77351, USA",,https://www.llcontractorsllc.com/,5,102,OPERATIONAL,False,,,,,,,10,0.0,6.0,google_places,2026-08-28
ChIJQz2Ke9ElR4YR8VmnxHhaa9U,Blue Truss,(281) 766-8524,"3513 N Loop 336 W Bldg A, Conroe, TX 77304, USA",,https://bluetrusstx.com/,5,234,OPERATIONAL,False,,,,,,,10,0.0,6.0,google_places,2026-08-28
ChIJ-Xy6vVpLP4YRbXNMZBdufd0,Texas Select Roofing and Construction,(936) 340-7574,"103 South Winfree Street, Dayton, TX 77535, USA",,http://www.txselectconstruction.net/,4.9,105,OPERATIONAL,False,,,,,,,10,0.0,6.0,google_places,2026-08-28
ChIJjRtbkx01R4YReAzaVgpKEOM,Legendary Roofing,(346) 763-5534,"503 Willow Springs Pl, Spring, TX 77373, USA",,http://legendaryroofinghouston.com/,4.9,105,OPERATIONAL,False,,,,,,,10,0.0,6.0,google_places,2026-08-28
ChIJr0pbPVehQIYRVhNkhsM4LGU,Miller Brothers Roofing,(346) 888-0491,"515 Sheldon Rd, Channelview, TX 77530, USA",,https://millerroofing.homes/channelview,4.9,121,OPERATIONAL,False,,,,,,,10,0.0,6.0,google_places,2026-08-28
ChIJuedg8jpEP4YRfW5lqk-Fyz8,TCB Elite Fleet,(281) 573-1937,"10902 I-10 Ste 5A, Mont Belvieu, TX 77523, USA",,https://www.tcbelitefleet.com/,4.9,258,OPERATIONAL,False,,,,,,,10,0.0,6.0,google_places,2026-08-28
ChIJy7v-kuyfQIYRYGBaXPWc8CQ,Royal Roofing,(832) 262-5789,"3806 Center St, Deer Park, TX 77536, USA",,https://royalroofingoftexas.com/,5,170,OPERATIONAL,False,,,,,,,10,0.0,6.0,google_places,2026-08-28
ChIJS-wVpxadQIYRvjr2cp5jXFA,Elite Roofing LLC,(713) 804-7663,"900 Apollo St, Houston, TX 77058, USA",,https://www.eliteroofpro.com/?utm_source=google&utm_medium=wix_google_business_profile&utm_campaign=17100664746184422023,4.8,783,OPERATIONAL,False,,,,,,,10,0.0,6.0,google_places,2026-08-28
ChIJD5d5fbFjP4YRkWYCCETeN6E,DR Roofing and Construction,(888) 420-6767,"2007 Louisiana Ave, League City, TX 77573, USA",,https://drroofingandconstruction.com/,4.9,445,OPERATIONAL,False,,,,,,,10,0.0,6.0,google_places,2026-08-28
ChIJifMi-WdhP4YRVHrp6iLJ46Q,AO1 Roofing and Construction LLC.,(713) 715-7663,"5041 Spencer Hwy Ste 207, Pasadena, TX 77505, USA",,https://ao1roofingandconstruction.com/,5,124,OPERATIONAL,False,,,,,,,10,0.0,6.0,google_places,2026-08-28
ChIJ1UmBBUadQIYRAwokXLHWxEI,Beveridge Roofing and Construction LLC,(281) 508-2405,"1640 E Main St, League City, TX 77573, USA",,http://www.beveridgeroofingandconstruction.com/,4.9,374,OPERATIONAL,False,,,,,,,10,0.0,6.0,google_places,2026-08-28
ChIJOdmtEAOpyKsR8KEnz5iv4ng,SLM Roofing,(281) 984-7102,"17214 Mercury Dr, Houston, TX 77058, USA",,https://slmroofing.com/areas-we-serve/roofing-and-inspections-houston-tx/,4.9,360,OPERATIONAL,False,,,,,,,10,0.0,6.0,google_places,2026-08-28
ChIJC6OxvgqRQIYRkiUOPsITl6I,"Alliance Roofing Company, LLC",(281) 485-8755,"4301 Magnolia Pkwy, Pearland, TX 77584, USA",,https://www.allianceroofinghouston.com/,4.8,133,OPERATIONAL,False,,,,,,,10,0.0,6.0,google_places,2026-08-28
ChIJD9rTfISbQIYRCKK8TA5kv5w,Brinkmann Quality Roofing Services,(281) 480-7663,"4311 FM 2351, Friendswood, TX 77546, USA",,https://www.brinkmannquality.com/,4.9,513,OPERATIONAL,False,,,,,,,10,0.0,6.0,google_places,2026-08-28
ChIJgQ-2v0yQQIYRn5_OlEqwyi0,WABO Roofing Systems,(855) 557-6634,"100 E NASA Pkwy Ste 103, Webster, TX 77598, USA",,https://waboroofing.com/?utm_source=GoogleBusinessProfile&utm_medium=organic,4.8,431,OPERATIONAL,False,,,,,,,10,0.0,6.0,google_places,2026-08-28
ChIJ0cIZTVVfP4YRtxYjNOOZjiw,Vargas & Sons Roof Repair,(936) 259-4222,"2205 W Main St, Baytown, TX 77520, USA",,https://vargasroofrepair.pro/baytown,4.8,109,OPERATIONAL,False,,,,,,,10,0.0,6.0,google_places,2026-08-28
ChIJ4R7hd6WlQIYRJuQPQXM6QQo,Robinson Brothers Roofing & Construction,(936) 260-2600,"6035 East Sam Houston Pkwy N, Houston, TX 77049, USA",,https://robinsonroofing.site/houston,4.9,128,OPERATIONAL,False,,,,,,,10,0.0,6.0,google_places,2026-08-28
ChIJ10lnSaKtLqoRornbhzvNFnA,Reliable Roofing & Sheet Metal LLC Pasadena Texas,(832) 512-1461,"2016 Robinhood St, Pasadena, TX 77502, USA",,https://www.reliableroofingandsheetmetalllc.com/,4.9,121,OPERATIONAL,False,,,,,,,10,0.0,6.0,google_places,2026-08-28
ChIJ4faHziPnQIYRIOGvOfHBbwQ,All Ears Roofing,(409) 263-5881,"149 Magellan Cir # B, Webster, TX 77598, USA",,https://allearsroofing.com/,4.9,333,OPERATIONAL,False,,,,,,,10,0.0,6.0,google_places,2026-08-28
ChIJsw9lv5S_QIYRszs2WOIop-4,12 Stones Roofing & Construction,(832) 815-9463,"6933 Olson Ln, Pasadena, TX 77505, USA",,https://12stonesroofing.com/,4.9,114,OPERATIONAL,False,,,,,,,10,0.0,6.0,google_places,2026-08-28
ChIJdX5O7BifQIYR2_TBMPsnSEI,Upscale Roofing,(281) 930-7368,"7407 Spencer Hwy Ste 110, Pasadena, TX 77505, USA",,http://upscaleroofingtx.com/,5,101,OPERATIONAL,False,,,,,,,10,0.0,6.0,google_places,2026-08-28
ChIJHcmoiKeaQIYRoeSFX4PTmj0,"Bay Area Roofers, Inc.",(281) 482-1200,"2115 County Rd 129, Pearland, TX 77581, USA",,https://www.bayarearoofersinc.com/,4.9,430,OPERATIONAL,False,,,,,,,10,0.0,6.0,google_places,2026-08-28
ChIJaw9ZAEuDQIYRmVbLjgBzILc,Arts Roofing LLC,(281) 332-2221,"507 1/2, Houston Ave, League City, TX 77573, USA",,https://1artsroofing.com/,4.9,163,OPERATIONAL,False,,,,,,,10,0.0,6.0,google_places,2026-08-28
ChIJ25OUOX41myMRkJZptUfMpMw,Coastal Roofing Specialists LLC,(281) 312-9121,"700 S Friendswood Dr Ste G, Friendswood, TX 77546, USA",,https://coastalroofingtx.com/,4.9,250,OPERATIONAL,False,,,,,,,10,0.0,6.0,google_places,2026-08-28
ChIJD_0qFuzjQIYR04-PX9ZDgo4,Sugar Roofing,(832) 353-2887,"2245 Texas Dr #300, Sugar Land, TX 77479, USA",,https://sugarroofs.com/,4.8,437,OPERATIONAL,False,,,,,,,10,0.0,6.0,google_places,2026-08-28
ChIJEemLu0HpQIYRZjblEF8On6g,Roofers Supreme LLC.,(281) 661-0855,"12747 Antonia St, Stafford, TX 77477, USA",,https://www.roofersupremellc.com/author/roofersupremellc_7kexao/,4.9,141,OPERATIONAL,False,,,,,,,10,0.0,6.0,google_places,2026-08-28
ChIJmZrknhSNQIYR41ijFaqmWqM,Ernie Smith & Sons Roofing,(832) 336-5153,"19422B Hwy 6, Manvel, TX 77578, USA",,https://www.smithandsonsroofing.com/?utm_source=google&utm_medium=organic&utm_campaign=gmb-website&utm_content=manvel,4.8,409,OPERATIONAL,False,,,,,,,10,0.0,6.0,google_places,2026-08-28
ChIJQVSkdIQdQYYRdqUzuK_IXtA,Local Roofing and Restoration,(281) 762-2513,"13000 Murphy Rd #132, Stafford, TX 77477, USA",,https://www.localroofingandrestoration.com/,5,104,OPERATIONAL,False,,,,,,,10,0.0,6.0,google_places,2026-08-28
ChIJE0nE6-DbQIYRbZ3jhUNuv1E,State Roofing Company,(281) 293-7000,"318 Addicks-Howell Rd, Houston, TX 77079, USA",,https://stateroofingtexas.com/service-areas/houston-tx/,4.9,149,OPERATIONAL,False,,,,,,,10,0.0,6.0,google_places,2026-08-28
ChIJeyj54c_DQIYRDBxSDLFQQC4,Top Roofing LLC,(832) 699-7663,"5821 Southwest Fwy Ste 310, Houston, TX 77057, USA",,https://www.toproofinghouston.com/,5,111,OPERATIONAL,False,,,,,,,10,0.0,6.0,google_places,2026-08-28
ChIJN9ro_W6TQIYR_PRd0LLV9oM,Stone Castle Roofing,(281) 250-1265,"7626 Longleaf Dr, Pearland, TX 77581, USA",,https://stonecastleroofing.com/,5,119,OPERATIONAL,False,,,,,,,10,0.0,6.0,google_places,2026-08-28
ChIJiSuXZM4lQYYRz-Ysk9jhdv8,Reliable Roofing & Restoration,(281) 545-5019,"26011 Waldridge Dr, Richmond, TX 77406, USA",,https://www.reliableroofingrestoration.com/,4.9,300,OPERATIONAL,False,,,,,,,10,0.0,6.0,google_places,2026-08-28
ChIJeyJxqi4fQYYRByBZxAVcb4w,KoJo Roofing,(713) 253-7833,"3522 Fern Footpath Ln, Richmond, TX 77406, USA",,http://www.kojoroofing.com/,5,205,OPERATIONAL,False,,,,,,,10,0.0,6.0,google_places,2026-08-28
ChIJXfdMn-IlQYYRmhCchhzz_N8,"Apex Roofing Solutions, Inc.",(281) 744-9841,"1002 Drexel Dr, Katy, TX 77493, USA",,http://apex-roofs.com/,5,207,OPERATIONAL,False,,,,,,,10,0.0,6.0,google_places,2026-08-28
ChIJrxz4HzIkQYYRyXkK1MFT-qM,Texan Roofing,(281) 391-9600,"6819 Hwy Blvd #590, Katy, TX 77493, USA",,http://www.texanroofinginc.com/,5,310,OPERATIONAL,False,,,,,,,10,0.0,6.0,google_places,2026-08-28
ChIJM2P0KyslQYYRJkxjbY8Verc,Onit Roofing,(346) 201-4433,"29310 Kindle Way, Katy, TX 77494, USA",,https://www.onitroofing.com/,5,343,OPERATIONAL,False,,,,,,,10,0.0,6.0,google_places,2026-08-28
ChIJw22C-vwhQYYRMRIWqP0VWmE,Level Up Roofing & Construction,(346) 608-4834,"24044 Cinco Village Center Blvd #100, Katy, TX 77494, USA",,https://leveluproofingco.com/?utm_source=gmb&utm_campaign=local&utm_medium=organic,5,148,OPERATIONAL,False,,,,,,,10,0.0,6.0,google_places,2026-08-28
ChIJPcNP2TUfQYYR5kzXcxMZ7Tk,Reign Roofing - Sugar Land,(281) 301-5477,"19901 Southwest Fwy, Sugar Land, TX 77479, USA",,https://reignroof.com/?utm_campaign=gmb,5,166,OPERATIONAL,False,,,,,,,10,0.0,6.0,google_places,2026-08-28
ChIJw1eF5cukuCQREuhGJNvrd4Y,Mission Roofing,(832) 684-1255,"23144 Cinco Ranch Blvd, Katy, TX 77494, USA",,https://roofswithamission.com/?utm_source=cumulus&utm_medium=onlinepresence&utm_campaign=gbp,4.8,107,OPERATIONAL,False,,,,,,,10,0.0,6.0,google_places,2026-08-28
ChIJR7FMxiAnQYYRgBnJlyWzCTI,DeHart Roofing & Home Repair,(281) 500-5454,"22503 Katy Fwy #23, Katy, TX 77450, USA",,https://dehartroofingtx.com/,5,129,OPERATIONAL,False,,,,,,,10,0.0,6.0,google_places,2026-08-28
ChIJY-ZgpmIfQYYRYvkDOptFTwU,Domingo Brothers Roofing,(346) 810-6776,"7830 W Grand Pkwy, Richmond, TX 77406, USA",,https://domingoroofing.site/richmond,4.8,113,OPERATIONAL,False,,,,,,,10,0.0,6.0,google_places,2026-08-28
ChIJz3vBvnLP1gkR0hi_Wlw76Fw,Waggoner Roofing & Restorations LLC,(832) 377-7109,"25311 Kingsland Blvd #110, Katy, TX 77494, USA",,https://waggonerroofing.com/,5,130,OPERATIONAL,False,,,,,,,10,0.0,6.0,google_places,2026-08-28
ChIJs45Z8-zxQIYRq740VZ1VXpQ,Sienna Roofing,(281) 598-9020,"17034 University Blvd, Sugar Land, TX 77479, USA",,https://www.siennaroofing.com/,5,166,OPERATIONAL,False,,,,,,,10,0.0,6.0,google_places,2026-08-28
ChIJPycvLOm-QIYRWcGGyEsPRUE,Lone Star Roofing,(713) 861-7663,"18703 Clay Rd #100, Houston, TX 77084, USA",,http://lone-star-roofing.com/,5,100,OPERATIONAL,False,,,,,,,10,0.0,6.0,google_places,2026-08-28
ChIJ_wI7XFspQYYRPLrZtLMR34o,Apollo Roofing,(346) 388-3030,"21239 FM 529 I, Cypress, TX 77433, USA",,https://apolloroofing.co/,4.8,538,OPERATIONAL,False,,,,,,,10,0.0,6.0,google_places,2026-08-28
ChIJy0VK5QgnQYYRmWThSSmKE5s,"Texas Titan Roofing & Restoration, LLC",(281) 505-0749,"24627 Blane Dr, Katy, TX 77493, USA",,http://texastitanroofing.com/,5,102,OPERATIONAL,False,,,,,,,10,0.0,6.0,google_places,2026-08-28
ChIJo_hDvYLaCYMR-fHv7Y5P1qE,Diamond Star Roofing & Construction,(713) 300-0385,"2322 Trotter Dr, Katy, TX 77493, USA",,https://www.diamondstarroofing.com/katy-roofing-contractor,4.9,123,OPERATIONAL,False,,,,,,,10,0.0,6.0,google_places,2026-08-28
